{
  "project_info": {
    "project_number": "84945761990",
    "firebase_url": "https://cmapp1919.firebaseio.com",
    "project_id": "cmapp1919",
    "storage_bucket": "cmapp1919.appspot.com"
  },
  "client": [
    {
      "client_info": {
        "mobilesdk_app_id": "1:84945761990:android:d8dfa2427be0785c",
        "android_client_info": {
          "package_name": "nf.co.hoproject.myso"
        }
      },
      "oauth_client": [
        {
          "client_id": "84945761990-2t8bleeo5sa1a81qot158kq2eg7nmog9.apps.googleusercontent.com",
          "client_type": 1,
          "android_info": {
            "package_name": "nf.co.hoproject.myso",
            "certificate_hash": "3A79006A3F881C6F9548AD5CFDA6A0A54422282C"
          }
        },
        {
          "client_id": "84945761990-0o0ufg5l7p8fmdv16h0ivrn8lckscj3k.apps.googleusercontent.com",
          "client_type": 3
        },
        {
          "client_id": "84945761990-em2rc77fnhjp9rjsg1e5hn3grg2ljeqf.apps.googleusercontent.com",
          "client_type": 3
        }
      ],
      "api_key": [
        {
          "current_key": "AIzaSyCAk9zYPL1OKlFyThL2xR4yZkyjBAVRUKk"
        }
      ],
      "services": {
        "analytics_service": {
          "status": 1
        },
        "appinvite_service": {
          "status": 2,
          "other_platform_oauth_client": [
            {
              "client_id": "84945761990-0o0ufg5l7p8fmdv16h0ivrn8lckscj3k.apps.googleusercontent.com",
              "client_type": 3
            }
          ]
        },
        "ads_service": {
          "status": 2
        }
      }
    },
    {
      "client_info": {
        "mobilesdk_app_id": "1:84945761990:android:3d02ad0ba9ae3193",
        "android_client_info": {
          "package_name": "nf.co.hoptec.ocr"
        }
      },
      "oauth_client": [
        {
          "client_id": "84945761990-0o0ufg5l7p8fmdv16h0ivrn8lckscj3k.apps.googleusercontent.com",
          "client_type": 3
        },
        {
          "client_id": "84945761990-em2rc77fnhjp9rjsg1e5hn3grg2ljeqf.apps.googleusercontent.com",
          "client_type": 3
        }
      ],
      "api_key": [
        {
          "current_key": "AIzaSyCAk9zYPL1OKlFyThL2xR4yZkyjBAVRUKk"
        }
      ],
      "services": {
        "analytics_service": {
          "status": 1
        },
        "appinvite_service": {
          "status": 1,
          "other_platform_oauth_client": []
        },
        "ads_service": {
          "status": 2
        }
      }
    }
  ],
  "configuration_version": "1"
}